age,sex,bmi,children,smoker,region_northwest,region_southeast,region_southwest,Predicted_charges_log,Predicted_charges
22,1,27.4,0,0,0,1,0,7.955242743730663,2849.4801812807523
28,0,31.2,1,0,1,0,0,8.46996777708687,4768.361784285136
19,1,22.8,0,0,0,0,1,7.820126878792693,2489.2213442789366
35,1,29.5,2,0,1,0,0,8.707912133003326,6049.596450368701
42,0,33.7,1,0,0,1,0,8.893781903757533,7285.5240730602945
31,1,26.9,3,0,0,0,1,8.579331125999087,5319.545560260665
55,0,28.4,0,1,1,0,0,10.789061138953599,48486.49162162142
47,1,34.1,2,0,0,1,0,9.091359839171362,8877.250840579176
50,0,25.3,1,0,0,0,1,9.082585748611754,8799.693010966319
29,1,30.8,0,1,1,0,0,9.860119603040946,19150.179837819356
24,0,23.4,0,0,0,1,0,8.047395254212642,3124.6428537443708
33,1,29.1,2,0,1,0,0,8.63467332636272,5622.296441524365
46,0,36.2,4,0,0,0,1,9.387369087245206,11935.653690572117
53,1,27.6,1,1,1,0,0,10.73293304201634,45839.94846818679
39,0,28.7,3,0,0,1,0,8.924347084053062,7511.67658496244
30,1,24.5,0,0,0,0,1,8.216365838088437,3700.027778708393
57,0,32.9,2,0,1,0,0,9.57715915503903,14430.363746640418
21,1,26.2,1,0,0,1,0,8.004613780884808,2993.7432506597743
44,0,37.4,2,1,0,0,1,10.674220111554368,43225.97979368725
48,1,30.0,3,0,1,0,0,9.255490966741013,10460.853980902004
26,0,23.1,0,0,0,1,0,8.111429792734615,3331.3391797025065
37,1,33.9,2,1,0,0,1,10.313502380512125,30135.80256672909
52,0,29.4,4,0,1,0,0,9.559468542158815,14177.309023424015
41,1,31.0,1,0,0,1,0,8.747521010855035,6294.063355569435
60,0,27.9,0,1,0,0,1,10.89486005323901,53897.61459063464
34,1,25.6,2,0,1,0,0,8.622641598198813,5555.043861040484
23,0,22.7,0,0,0,1,0,8.004201373664742,2992.5084515584904
49,1,39.2,3,1,0,0,1,10.890206583205465,53647.38168002452
54,0,30.8,1,0,1,0,0,9.34843811846569,11479.877663385325
25,1,27.1,0,0,0,1,0,8.0532668946819,3143.049490511052
38,0,29.3,3,1,0,0,1,10.462915300821365,34992.41923098564
27,1,24.8,0,0,1,0,0,8.17591635777052,3553.310452103403
45,0,35.7,4,0,0,1,0,9.319466834744638,11152.03385777227
36,1,28.3,2,0,0,0,1,8.66854832945304,5816.048778903954
43,0,26.4,1,1,1,0,0,10.454027275821673,34682.77494751333
51,1,29.9,3,0,0,1,0,9.271232075106258,10626.838117944699
20,0,21.9,0,0,0,0,1,7.919051535656502,2748.162326345898
32,1,33.2,1,0,1,0,0,8.555455032270098,5194.016253812948
58,0,27.5,2,1,0,1,0,10.992561873613976,59429.442473048985
40,1,30.3,0,0,0,0,1,8.632525898221202,5610.233772990205
33,0,23.8,1,0,0,1,0,8.457700742787747,4710.213243943292
47,1,34.9,4,0,1,0,0,9.385070626071828,11908.249261596888
59,0,28.8,1,1,0,0,1,10.971843894749057,58210.83099426782
24,1,27.0,0,0,0,1,0,8.017962386807117,3033.9868988848043
37,0,32.4,2,0,1,0,0,8.890792429226128,7263.773722179904
29,1,24.6,1,0,0,0,1,8.282830516034332,3954.374302428778
56,0,30.2,3,1,1,0,0,11.144137054191134,69156.1724092869
22,1,25.1,0,0,0,1,0,7.925000148483722,2764.5647661383578
61,0,28.5,1,1,0,0,1,11.03587843327103,62060.33401071037
45,1,33.0,2,0,1,0,0,9.093829597889151,8899.205077666094
